[
  {
    "model": "vet_clinics.User",
    "pk": 1,
    "fields": {
      "password": "pbkdf2_sha256$320000$6uM28XWOFX6ewyloJzjqmt$L+ZhofPylneoaL2iZS4sZu4ZMUNb4oIevfAdzOMn/eE=",
      "last_login": "2022-08-08T14:14:03Z",
      "is_superuser": true,
      "username": "admin.user",
      "first_name": "Admin",
      "last_name": "User",
      "email": "admin.user@taxi.com",
      "is_staff": true,
      "is_active": true,
      "date_joined": "2022-08-08T13:58:29Z",
      "groups": [],
      "user_permissions": []
    }
  },
  {
    "model": "vet_clinics.User",
    "pk": 2,
    "fields": {
      "password": "pbkdf2_sha256$320000$73Z1Y57bcoscZ37s9rE9v0$4SEQ0TtXwJKzO5/CRdFSrTifatiPjkZ38gM2H8Kqsdg=",
      "last_login": null,
      "is_superuser": false,
      "username": "joyce.byers",
      "first_name": "Joyce",
      "last_name": "Byers",
      "email": "joyce.byers@taxi.com",
      "is_staff": false,
      "is_active": true,
      "date_joined": "2022-08-08T14:17:04Z",
      "groups": [],
      "user_permissions": []
    }
  },
  {
    "model": "vet_clinics.User",
    "pk": 3,
    "fields": {
      "password": "pbkdf2_sha256$320000$QtPol3T7x9quBj4BnbnVwW$UwT4kihkRfSvQEWEeuqVKwMgis2ikKVZfJDBcQMvOKY=",
      "last_login": null,
      "is_superuser": false,
      "username": "jim.hopper",
      "first_name": "Jim",
      "last_name": "Hopper",
      "email": "jim.hopper@taxi.com",
      "is_staff": false,
      "is_active": true,
      "date_joined": "2022-08-08T14:19:09Z",
      "groups": [],
      "user_permissions": []
    }
  },
  {
    "model": "vet_clinics.User",
    "pk": 4,
    "fields": {
      "password": "pbkdf2_sha256$320000$9yU0PLTDKlL02PedUtk2l1$LKjj8O1xGiPGEkDpjsHk87db1iLgt8dgDqECzcsivio",
      "last_login": null,
      "is_superuser": false,
      "username": "jonathan.byers",
      "first_name": "Jonathan",
      "last_name": "Byers",
      "email": "jonathan.byers@taxi.com",
      "is_staff": false,
      "is_active": true,
      "date_joined": "2022-08-08T14:19:09Z",
      "groups": [],
      "user_permissions": []
    }
  },
  {
    "model": "vet_clinics.User",
    "pk": 5,
    "fields": {
      "password": "pbkdf2_sha256$320000$9yU0PLTDKlL02PedUtk2l1$LKjj8O1xGiPGEkDpjsHk87db1iLgt8dgDqECzcsivio",
      "last_login": null,
      "is_superuser": false,
      "username": "dustin.henderson",
      "first_name": "Dustin",
      "last_name": "Henderson",
      "email": "dustin.henderson@taxi.com",
      "is_staff": false,
      "is_active": true,
      "date_joined": "2022-08-09T14:19:09Z",
      "groups": [],
      "user_permissions": []
    }
  },
  {
    "model": "vet_clinics.User",
    "pk": 6,
    "fields": {
      "password": "pbkdf2_sha256$320000$9yU0PLTDKlL02PedUtk2l2$LKjj8O1xGiPGEkDpjsHk87db1iLgt8dgDqECzcsivio",
      "last_login": null,
      "is_superuser": false,
      "username": "mike.wheeler",
      "first_name": "Mike",
      "last_name": "Wheeler",
      "email": "mike.wheeler@taxi.com",
      "is_staff": false,
      "is_active": true,
      "date_joined": "2022-08-09T14:19:09Z",
      "groups": [],
      "user_permissions": []
    }
  },
  {
    "model": "vet_clinics.User",
    "pk": 7,
    "fields": {
      "password": "pbkdf2_sha256$320000$9yU0PLTDKlL02PedUtk2l2$LKjj8O1xGiPGEkDpjsHk87db1iLgt8dgDqECzcsivio",
      "last_login": null,
      "is_superuser": false,
      "username": "lucas.sinclair",
      "first_name": "Lucas",
      "last_name": "Sinclair",
      "email": "lucas.sinclair@taxi.com",
      "is_staff": false,
      "is_active": true,
      "date_joined": "2022-08-09T14:19:09Z",
      "groups": [],
      "user_permissions": []
    }
  },
  {
    "model": "vet_clinics.User",
    "pk": 8,
    "fields": {
      "password": "pbkdf2_sha256$320000$9yU0PLTDKlL02PedUtk2l2$LKjj8O1xGiPGEkDpjsHk87db1iLgt8dgDqECzcsivio",
      "last_login": null,
      "is_superuser": false,
      "username": "nancy.wheeler",
      "first_name": "Nancy",
      "last_name": "Wheeler",
      "email": "nancy.wheeler@taxi.com",
      "is_staff": false,
      "is_active": true,
      "date_joined": "2022-08-09T14:19:09Z",
      "groups": [],
      "user_permissions": []
    }
  },
  {
    "model": "vet_clinics.User",
    "pk": 9,
    "fields": {
      "password": "pbkdf2_sha256$320000$9yU0PLTDKlL02PedUtk2l2$LKjj8O1xGiPGEkDpjsHk87db1iLgt8dgDqECzcsivio",
      "last_login": null,
      "is_superuser": false,
      "username": "martin.brenner",
      "first_name": "Martin",
      "last_name": "Brenner",
      "email": "martin.brenner@taxi.com",
      "is_staff": false,
      "is_active": true,
      "date_joined": "2022-08-09T14:19:09Z",
      "groups": [],
      "user_permissions": []
    }
  },
  {
    "model": "vet_clinics.User",
    "pk": 10,
    "fields": {
      "password": "pbkdf2_sha256$320000$9yU0PLTDKlL02PedUtk2l2$LKjj8O1xGiPGEkDpjsHk87db1iLgt8dgDqECzcsivio",
      "last_login": null,
      "is_superuser": false,
      "username": "billy.hargrove",
      "first_name": "Billy",
      "last_name": "Hargrove",
      "email": "billy.hargrove@taxi.com",
      "is_staff": false,
      "is_active": true,
      "date_joined": "2022-08-09T14:19:09Z",
      "groups": [],
      "user_permissions": []
    }
  },
  {
    "model": "vet_clinics.User",
    "pk": 11,
    "fields": {
      "password": "pbkdf2_sha256$320000$9yU0PLTDKlL02PedUtk2l2$LKjj8O1xGiPGEkDpjsHk87db1iLgt8dgDqECzcsivio",
      "last_login": null,
      "is_superuser": false,
      "username": "bob.newby",
      "first_name": "Bob",
      "last_name": "Newby",
      "email": "bob.newby@taxi.com",
      "is_staff": false,
      "is_active": true,
      "date_joined": "2022-08-09T14:19:09Z",
      "groups": [],
      "user_permissions": []
    }
  },
  {
    "model": "vet_clinics.dog",
    "pk": 1,
    "fields": {
      "name": "Buddy",
      "age": 3,
      "breed": "Labrador Retriever",
      "owner": 1
    }
  },
  {
    "model": "vet_clinics.dog",
    "pk": 2,
    "fields": {
      "name": "Nora",
      "age": 4,
      "breed": "German Shepherd",
      "owner": 1
    }
  },
  {
    "model": "vet_clinics.dog",
    "pk": 3,
    "fields": {
      "name": "Luna",
      "age": 2,
      "breed": "Golden Retriever",
      "owner": 2
    }
  },
  {
    "model": "vet_clinics.dog",
    "pk": 4,
    "fields": {
      "name": "Rocky",
      "age": 4,
      "breed": "German Shepherd",
      "owner": 3
    }
  },
  {
    "model": "vet_clinics.dog",
    "pk": 5,
    "fields": {
      "name": "Max",
      "age": 2,
      "breed": "Beagle",
      "owner": 4
    }
  },
  {
    "model": "vet_clinics.dog",
    "pk": 6,
    "fields": {
      "name": "Charlie",
      "age": 3,
      "breed": "Bulldog",
      "owner": 5
    }
  },
  {
    "model": "vet_clinics.dog",
    "pk": 7,
    "fields": {
      "name": "Daisy",
      "age": 1,
      "breed": "Dachshund",
      "owner": 6
    }
  },
  {
    "model": "vet_clinics.dog",
    "pk": 8,
    "fields": {
      "name": "Milo",
      "age": 2,
      "breed": "Poodle",
      "owner": 7
    }
  },
  {
    "model": "vet_clinics.dog",
    "pk": 9,
    "fields": {
      "name": "Bella",
      "age": 3,
      "breed": "Yorkshire Terrier",
      "owner": 8
    }
  },
  {
    "model": "vet_clinics.dog",
    "pk": 10,
    "fields": {
      "name": "Lucy",
      "age": 4,
      "breed": "Boxer",
      "owner": 9
    }
  },
  {
    "model": "vet_clinics.dog",
    "pk": 11,
    "fields": {
      "name": "Bailey",
      "age": 2,
      "breed": "Siberian Husky",
      "owner": 10
    }
  },
  {
    "model": "vet_clinics.service",
    "pk": 1,
    "fields": {
      "name": "Basic Checkup",
      "description": "A basic health checkup for your dog, including a physical examination and routine tests.",
      "price": "50.00"
    }
  },
  {
    "model": "vet_clinics.service",
    "pk": 2,
    "fields": {
      "name": "Vaccination Package",
      "description": "A package of essential vaccinations to keep your dog protected from common diseases.",
      "price": "75.00"
    }
  },
  {
    "model": "vet_clinics.service",
    "pk": 3,
    "fields": {
      "name": "Dental Cleaning",
      "description": "Professional dental cleaning for your dog to maintain oral hygiene.",
      "price": "80.00"
    }
  },
  {
    "model": "vet_clinics.service",
    "pk": 4,
    "fields": {
      "name": "Surgical Procedure",
      "description": "Advanced surgical procedure, including anesthesia and post-operative care.",
      "price": "200.00"
    }
  },
  {
    "model": "vet_clinics.service",
    "pk": 5,
    "fields": {
      "name": "X-ray and Imaging",
      "description": "Diagnostic X-ray and imaging services to identify underlying health issues.",
      "price": "90.00"
    }
  },
  {
    "model": "vet_clinics.vetclinic",
    "pk": 1,
    "fields": {
      "name": "Happy Paws Veterinary Clinic",
      "city": "Kyiv",
      "services": [1, 3, 5]
    }
  },
  {
    "model": "vet_clinics.vetclinic",
    "pk": 2,
    "fields": {
      "name": "Healthy Tails Pet Clinic",
      "city": "Kharkiv",
      "services": [2, 4]
    }
  },
  {
    "model": "vet_clinics.vetclinic",
    "pk": 3,
    "fields": {
      "name": "Lovely Pets Veterinary Care",
      "city": "Lviv",
      "services": [1, 2, 4]
    }
  },
  {
    "model": "vet_clinics.vetclinic",
    "pk": 4,
    "fields": {
      "name": "Caring Paws Animal Hospital",
      "city": "Odesa",
      "services": [3, 5]
    }
  },
  {
    "model": "vet_clinics.vetclinic",
    "pk": 5,
    "fields": {
      "name": "Puppy Love Vet Clinic",
      "city": "Dnipro",
      "services": [1, 2, 5]
    }
  },
  {
    "model": "vet_clinics.doctor",
    "pk": 1,
    "fields": {
      "first_name": "John",
      "last_name": "Smith",
      "services": [1, 3, 5],
      "vet_clinics": 1
    }
  },
  {
    "model": "vet_clinics.doctor",
    "pk": 2,
    "fields": {
      "first_name": "Emily",
      "last_name": "Johnson",
      "services": [2, 4],
      "vet_clinics": 2
    }
  },
  {
    "model": "vet_clinics.doctor",
    "pk": 3,
    "fields": {
      "first_name": "Michael",
      "last_name": "Davis",
      "services": [1, 2, 4],
      "vet_clinics": 3
    }
  },
  {
    "model": "vet_clinics.doctor",
    "pk": 4,
    "fields": {
      "first_name": "Sarah",
      "last_name": "Miller",
      "services": [3, 5],
      "vet_clinics": 4
    }
  },
  {
    "model": "vet_clinics.doctor",
    "pk": 5,
    "fields": {
      "first_name": "David",
      "last_name": "Anderson",
      "services": [1, 2, 5],
      "vet_clinics": 5
    }
  },
  {
    "model": "vet_clinics.doctor",
    "pk": 6,
    "fields": {
      "first_name": "Olivia",
      "last_name": "Martinez",
      "services": [2, 4],
      "vet_clinics": 1
    }
  },
  {
    "model": "vet_clinics.doctor",
    "pk": 7,
    "fields": {
      "first_name": "William",
      "last_name": "Jones",
      "services": [1, 3, 5],
      "vet_clinics": 2
    }
  },
  {
    "model": "vet_clinics.doctor",
    "pk": 8,
    "fields": {
      "first_name": "Sophia",
      "last_name": "Brown",
      "services": [2, 4],
      "vet_clinics": 3
    }
  },
  {
    "model": "vet_clinics.doctor",
    "pk": 9,
    "fields": {
      "first_name": "James",
      "last_name": "Wilson",
      "services": [1, 2, 4],
      "vet_clinics": 4
    }
  },
  {
    "model": "vet_clinics.doctor",
    "pk": 10,
    "fields": {
      "first_name": "Mia",
      "last_name": "Davis",
      "services": [3, 5],
      "vet_clinics": 5
    }
  }
]